{"cameraMode":{"drawMode":0,"name":"Shaded","section":"Shading Mode"},"sceneLighting":true,"audioPlay":false,"sceneViewState":{"m_AlwaysRefresh":false,"showFog":true,"showSkybox":true,"showFlares":true,"showImageEffects":true,"showParticleSystems":true,"showVisualEffectGraphs":true,"m_FxEnabled":true},"in2DMode":false,"pivot":{"x":-12.385786056518555,"y":2.2899999618530275,"z":14.100000381469727},"rotation":{"x":-0.13631954789161683,"y":-0.7129498720169067,"z":0.14452336728572846,"w":-0.6724924445152283},"size":5.939423561096191,"orthographic":false}