{"cameraMode":{"drawMode":0,"name":"Shaded","section":"Shading Mode"},"sceneLighting":true,"audioPlay":false,"sceneViewState":{"m_AlwaysRefresh":false,"showFog":true,"showSkybox":true,"showFlares":true,"showImageEffects":true,"showParticleSystems":true,"showVisualEffectGraphs":true,"m_FxEnabled":true},"in2DMode":false,"pivot":{"x":-15.374381065368653,"y":-0.5022594928741455,"z":19.9215030670166},"rotation":{"x":0.040313683450222018,"y":0.15377125144004823,"z":-0.006276304833590984,"w":0.9872775077819824},"size":8.511319160461426,"orthographic":false}