{"cameraMode":{"drawMode":0,"name":"Shaded","section":"Shading Mode"},"sceneLighting":true,"audioPlay":false,"sceneViewState":{"m_AlwaysRefresh":false,"showFog":true,"showSkybox":true,"showFlares":true,"showImageEffects":true,"showParticleSystems":true,"showVisualEffectGraphs":true,"m_FxEnabled":true},"in2DMode":false,"pivot":{"x":-17.110000610351564,"y":2.2364988327026369,"z":14.290000915527344},"rotation":{"x":-0.08719822019338608,"y":0.003583183977752924,"z":-0.0003136630111839622,"w":-0.9961843490600586},"size":19.676048278808595,"orthographic":false}