{"cameraMode":{"drawMode":0,"name":"Shaded","section":"Shading Mode"},"sceneLighting":true,"audioPlay":false,"sceneViewState":{"m_AlwaysRefresh":false,"showFog":true,"showSkybox":true,"showFlares":true,"showImageEffects":true,"showParticleSystems":true,"showVisualEffectGraphs":true,"m_FxEnabled":true},"in2DMode":false,"pivot":{"x":-49.915767669677737,"y":-100.71976470947266,"z":395.33935546875},"rotation":{"x":0.14661133289337159,"y":-0.047451604157686236,"z":0.0070402733981609348,"w":0.9880453944206238},"size":210.5970916748047,"orthographic":false}